{
  "project_info": {
    "project_number": "1019694367242",
    "firebase_url": "https://peliculasomdb.firebaseio.com",
    "project_id": "peliculasomdb",
    "storage_bucket": "peliculasomdb.appspot.com"
  },
  "client": [
    {
      "client_info": {
        "mobilesdk_app_id": "1:1019694367242:android:232589bfe07126b3ddd5f3",
        "android_client_info": {
          "package_name": "com.example.peliculasomdb"
        }
      },
      "oauth_client": [
        {
          "client_id": "1019694367242-r939q9o2bhp5510bvn1el9poqpb1mk18.apps.googleusercontent.com",
          "client_type": 3
        }
      ],
      "api_key": [
        {
          "current_key": "AIzaSyBxnTSbIJmcl-2uUV52qj5yBrRW5awpKu4"
        }
      ],
      "services": {
        "appinvite_service": {
          "other_platform_oauth_client": [
            {
              "client_id": "1019694367242-r939q9o2bhp5510bvn1el9poqpb1mk18.apps.googleusercontent.com",
              "client_type": 3
            }
          ]
        }
      }
    }
  ],
  "configuration_version": "1"
}